"0","for (i in length){
  cat("">"", i, ""\n"", sep="""")
  a <- generate_protein(i)
  cat(a)
  cat(""\n"")
}
"
"1",">"
"1",""
"1","6"
"1",""
"1","
"
"1","SPYCHQ"
"1","
"
"1",">"
"1",""
"1","7"
"1",""
"1","
"
"1","PFSTIPR"
"1","
"
"1",">"
"1",""
"1","8"
"1",""
"1","
"
"1","SCYQWDIW"
"1","
"
"1",">"
"1",""
"1","9"
"1",""
"1","
"
"1","GAFTIDVYV"
"1","
"
"1",">"
"1",""
"1","10"
"1",""
"1","
"
"1","VCNETCDEMG"
"1","
"
"1",">"
"1",""
"1","11"
"1",""
"1","
"
"1","LRMLSMVLCNQ"
"1","
"
"1",">"
"1",""
"1","12"
"1",""
"1","
"
"1","EYVCSMMCNFSL"
"1","
"
